[
    {
        "id": 142631,
        "eventId": 301799,
        "name": "OCTOBER 2022 CYCLING AND RUNNING MONTHLY CHALLENGE - CHENNAI",
        "shortName": "Hmarathon-cycling-and-running-challenge-0046651655GFFGN6454532",
        "startTime": "2022-10-01T00:30:00+0000",
        "endTime": "2022-10-31T17:30:00+0000",
        "displayName": "OCTOBER 2022 CYCLING AND RUNNING MONTHLY",
        "shortDescription": null,
        "eventTimeZone": "Asia/Calcutta",
        "timeZoneDisplayName": null,
        "venueLocation": null,
        "city": "Chennai",
        "latitude": 13.0826802,
        "longitude": 80.2707184,
        "coverImageUrl": "//s3.ap-south-1.amazonaws.com/townscript-production/images/aeb5f690-6e7e-4741-a2d4-38a26b1af652.jpg",
        "cardImageUrl": "//s3.ap-south-1.amazonaws.com/townscript-production/images/mobile-cover-uploaded/c4790b4f-50ee-49e4-b64b-b7c97e5e6f5d.jpg",
        "publicEvent": true,
        "live": true,
        "categoryId": 95,
        "eventTypeId": 18,
        "minimumTicketPrice": 0,
        "minimumTicketPriceCurrency": "INR",
        "organizerIsTrusted": false,
        "soldOutFlag": false,
        "reportFlag": false,
        "imageMetadata": "{\"card\":{\"color\":\"eceef1ff\",\"brightness\":\"light\"},\"cover\":{\"color\":\"ebedf1ff\",\"brightness\":\"light\"}}",
        "paid": false,
        "onlineEvent": false,
        "organizerId": 1764888,
        "pageViews": 22,
        "organizerScore": 0,
        "ticketsSold": 226,
        "roTicketsSold": 5.14,
        "ticketsRemaining": 439774,
        "townscriptIR": 0,
        "score": 2.3,
        "recurrent": false,
        "keywords": [
            {
                "id": 148,
                "topicKeywordName": "cycling",
                "topicKeywordCode": "cycling",
                "topicId": 158,
                "weight": 2,
                "popular": null,
                "topicKeywordPageTitle": null,
                "topicKeywordPageDescription": null
            },
            {
                "id": 196,
                "topicKeywordName": "health",
                "topicKeywordCode": "health",
                "topicId": 206,
                "weight": 1,
                "popular": null,
                "topicKeywordPageTitle": null,
                "topicKeywordPageDescription": null
            },
            {
                "id": 274,
                "topicKeywordName": "marathon",
                "topicKeywordCode": "marathon",
                "topicId": 154,
                "weight": 2,
                "popular": null,
                "topicKeywordPageTitle": null,
                "topicKeywordPageDescription": null
            }
        ],
        "country": "India",
        "countryCode": null,
        "organizerName": "CHAMPION ATHLETES CLUB",
        "recurrenceStartTime": null,
        "recurrenceEndTime": null,
        "recurrenceRule": null,
        "locality": null,
        "vendorId": null,
        "virtualEvent": false,
        "organizerCountryCode": "IN"
    },
    {
        "id": 124717,
        "eventId": 282700,
        "name": "THE GREAT HIMALAYA 2022 #VIRTUAL MARATHON & CYCLOTHON -CHENNAI",
        "shortName": "4444654654cyclothon534544sdmarathonfsd5DD4G4DDSVV",
        "startTime": "2022-10-30T00:30:00+0000",
        "endTime": "2022-11-06T18:00:00+0000",
        "displayName": "THE GREAT HIMALAYA 2022 #VIRTUAL MARATHON & CYCLOT",
        "shortDescription": null,
        "eventTimeZone": "Asia/Calcutta",
        "timeZoneDisplayName": null,
        "venueLocation": null,
        "city": "Chennai",
        "latitude": 13.0826802,
        "longitude": 80.2707184,
        "coverImageUrl": "//s3.ap-south-1.amazonaws.com/townscript-production/images/e9c39978-41d8-4de1-9c1d-588aa0240d6d.jpg",
        "cardImageUrl": "//s3.ap-south-1.amazonaws.com/townscript-production/images/mobile-cover-uploaded/528344de-0162-4644-99dd-f8617ca9d547.jpg",
        "publicEvent": true,
        "live": true,
        "categoryId": 95,
        "eventTypeId": 18,
        "minimumTicketPrice": 0,
        "minimumTicketPriceCurrency": "INR",
        "organizerIsTrusted": false,
        "soldOutFlag": false,
        "reportFlag": false,
        "imageMetadata": "{\"card\":{\"color\":\"f3f4f7ff\",\"brightness\":\"light\"},\"cover\":{\"color\":\"f5f5f8ff\",\"brightness\":\"light\"}}",
        "paid": false,
        "onlineEvent": false,
        "organizerId": 1764888,
        "pageViews": 24,
        "organizerScore": 0,
        "ticketsSold": 715,
        "roTicketsSold": 2.71,
        "ticketsRemaining": 6109279,
        "townscriptIR": 0,
        "score": 2.05,
        "recurrent": false,
        "keywords": [
            {
                "id": 148,
                "topicKeywordName": "cycling",
                "topicKeywordCode": "cycling",
                "topicId": 158,
                "weight": 2,
                "popular": null,
                "topicKeywordPageTitle": null,
                "topicKeywordPageDescription": null
            },
            {
                "id": 274,
                "topicKeywordName": "marathon",
                "topicKeywordCode": "marathon",
                "topicId": 154,
                "weight": 2,
                "popular": null,
                "topicKeywordPageTitle": null,
                "topicKeywordPageDescription": null
            },
            {
                "id": 196,
                "topicKeywordName": "health",
                "topicKeywordCode": "health",
                "topicId": 206,
                "weight": 1,
                "popular": null,
                "topicKeywordPageTitle": null,
                "topicKeywordPageDescription": null
            }
        ],
        "country": "India",
        "countryCode": null,
        "organizerName": "CHAMPION ATHLETES CLUB",
        "recurrenceStartTime": null,
        "recurrenceEndTime": null,
        "recurrenceRule": null,
        "locality": null,
        "vendorId": null,
        "virtualEvent": false,
        "organizerCountryCode": "IN"
    },
    {
        "id": 72791,
        "eventId": 227637,
        "name": "Mahatma 10K Run - Get Beautiful Medal by Courier",
        "shortName": "mahatma-10k-run-get-beautiful-medal-by-courier-441320",
        "startTime": "2022-10-01T23:30:00+0000",
        "endTime": "2022-10-30T17:30:00+0000",
        "displayName": "Mahatma 10K Run - Get Beautiful Medal by Courier",
        "shortDescription": null,
        "eventTimeZone": "Asia/Calcutta",
        "timeZoneDisplayName": null,
        "venueLocation": null,
        "city": "Chennai",
        "latitude": 13.0826802,
        "longitude": 80.2707184,
        "coverImageUrl": "//s3.ap-south-1.amazonaws.com/townscript-production/images/e2c50286-ae0d-4cc6-8ebb-628f23a435fe.jpg",
        "cardImageUrl": "//s3.ap-south-1.amazonaws.com/townscript-production/images/mobile-cover-uploaded/4db4779a-9326-4590-b30b-4ab3e2c1cc0f.jpg",
        "publicEvent": true,
        "live": true,
        "categoryId": 95,
        "eventTypeId": 15,
        "minimumTicketPrice": 369,
        "minimumTicketPriceCurrency": "INR",
        "organizerIsTrusted": false,
        "soldOutFlag": false,
        "reportFlag": false,
        "imageMetadata": "{\"card\":{\"color\":\"e1eadf\",\"brightness\":\"light\"},\"cover\":{\"color\":\"e1eadf\",\"brightness\":\"light\"}}",
        "paid": true,
        "onlineEvent": false,
        "organizerId": 490690,
        "pageViews": 2,
        "organizerScore": 0,
        "ticketsSold": 124,
        "roTicketsSold": 0.14,
        "ticketsRemaining": 376,
        "townscriptIR": 0,
        "score": 1.61,
        "recurrent": false,
        "keywords": [
            {
                "id": 274,
                "topicKeywordName": "marathon",
                "topicKeywordCode": "marathon",
                "topicId": 154,
                "weight": 2,
                "popular": null,
                "topicKeywordPageTitle": null,
                "topicKeywordPageDescription": null
            },
            {
                "id": 513,
                "topicKeywordName": "virtual sports",
                "topicKeywordCode": "virtual-sports",
                "topicId": 279,
                "weight": 3,
                "popular": null,
                "topicKeywordPageTitle": null,
                "topicKeywordPageDescription": null
            },
            {
                "id": 514,
                "topicKeywordName": "Monthly Challenge",
                "topicKeywordCode": "monthly-challenge",
                "topicId": 280,
                "weight": 2,
                "popular": null,
                "topicKeywordPageTitle": null,
                "topicKeywordPageDescription": null
            }
        ],
        "country": "India",
        "countryCode": null,
        "organizerName": "Omega Events",
        "recurrenceStartTime": null,
        "recurrenceEndTime": null,
        "recurrenceRule": null,
        "locality": null,
        "vendorId": null,
        "virtualEvent": false,
        "organizerCountryCode": "IN"
    },
    {
        "id": 70548,
        "eventId": 225378,
        "name": "Spartan 10K Run - Get Unique Medal by Courier",
        "shortName": "spartan-10k-run-get-unique-medal-by-courier-120143",
        "startTime": "2022-10-15T23:30:00+0000",
        "endTime": "2022-10-30T18:15:00+0000",
        "displayName": "Spartan 10K Run - Get Unique Medal by Courier",
        "shortDescription": null,
        "eventTimeZone": "Asia/Calcutta",
        "timeZoneDisplayName": null,
        "venueLocation": null,
        "city": "Chennai",
        "latitude": 13.0826802,
        "longitude": 80.2707184,
        "coverImageUrl": "//s3.ap-south-1.amazonaws.com/townscript-production/images/f81d40d4-93c3-4f82-a55a-aae0abe0de27.jpg",
        "cardImageUrl": "//s3.ap-south-1.amazonaws.com/townscript-production/images/mobile-cover-uploaded/bb33df6e-cec2-40e2-8fa4-91b66b9a1521.jpg",
        "publicEvent": true,
        "live": true,
        "categoryId": 95,
        "eventTypeId": 15,
        "minimumTicketPrice": 369,
        "minimumTicketPriceCurrency": "INR",
        "organizerIsTrusted": false,
        "soldOutFlag": false,
        "reportFlag": false,
        "imageMetadata": "{\"card\":{\"color\":\"f2ece2ff\",\"brightness\":\"light\"},\"cover\":{\"color\":\"f2ece2ff\",\"brightness\":\"light\"}}",
        "paid": true,
        "onlineEvent": false,
        "organizerId": 490690,
        "pageViews": 3,
        "organizerScore": 0,
        "ticketsSold": 60,
        "roTicketsSold": 0.14,
        "ticketsRemaining": 440,
        "townscriptIR": 0,
        "score": 1.61,
        "recurrent": false,
        "keywords": [
            {
                "id": 274,
                "topicKeywordName": "marathon",
                "topicKeywordCode": "marathon",
                "topicId": 154,
                "weight": 2,
                "popular": null,
                "topicKeywordPageTitle": null,
                "topicKeywordPageDescription": null
            },
            {
                "id": 513,
                "topicKeywordName": "virtual sports",
                "topicKeywordCode": "virtual-sports",
                "topicId": 279,
                "weight": 3,
                "popular": null,
                "topicKeywordPageTitle": null,
                "topicKeywordPageDescription": null
            },
            {
                "id": 514,
                "topicKeywordName": "Monthly Challenge",
                "topicKeywordCode": "monthly-challenge",
                "topicId": 280,
                "weight": 2,
                "popular": null,
                "topicKeywordPageTitle": null,
                "topicKeywordPageDescription": null
            }
        ],
        "country": "India",
        "countryCode": null,
        "organizerName": "Omega Events",
        "recurrenceStartTime": null,
        "recurrenceEndTime": null,
        "recurrenceRule": null,
        "locality": null,
        "vendorId": null,
        "virtualEvent": false,
        "organizerCountryCode": "IN"
    },
    {
        "id": 96368,
        "eventId": 252338,
        "name": "Chennai Virtual Marathon",
        "shortName": "chennai-virtual-challenge-134321",
        "startTime": "2022-10-22T23:30:00+0000",
        "endTime": "2022-10-23T18:15:00+0000",
        "displayName": "Chennai Virtual Marathon",
        "shortDescription": null,
        "eventTimeZone": "Asia/Calcutta",
        "timeZoneDisplayName": null,
        "venueLocation": null,
        "city": "Chennai",
        "latitude": 13.0826802,
        "longitude": 80.2707184,
        "coverImageUrl": "//s3.ap-south-1.amazonaws.com/townscript-production/images/66c2e5ce-ef01-45b0-ae3d-ae64c8504db1.jpg",
        "cardImageUrl": "//s3.ap-south-1.amazonaws.com/townscript-production/images/mobile-cover-uploaded/e4f9b421-9d70-4408-9e67-5df407369f0f.jpg",
        "publicEvent": true,
        "live": true,
        "categoryId": 95,
        "eventTypeId": 15,
        "minimumTicketPrice": 249,
        "minimumTicketPriceCurrency": "INR",
        "organizerIsTrusted": false,
        "soldOutFlag": false,
        "reportFlag": false,
        "imageMetadata": "{\"card\":{\"color\":\"afa29dff\",\"brightness\":\"light\"},\"cover\":{\"color\":\"b1a49fff\",\"brightness\":\"light\"}}",
        "paid": true,
        "onlineEvent": false,
        "organizerId": 490690,
        "pageViews": 2,
        "organizerScore": 0,
        "ticketsSold": 23,
        "roTicketsSold": 0.29,
        "ticketsRemaining": 477,
        "townscriptIR": 0,
        "score": 1.6,
        "recurrent": false,
        "keywords": [
            {
                "id": 145,
                "topicKeywordName": "marathons",
                "topicKeywordCode": "marathons",
                "topicId": 154,
                "weight": 2,
                "popular": null,
                "topicKeywordPageTitle": null,
                "topicKeywordPageDescription": null
            },
            {
                "id": 514,
                "topicKeywordName": "Monthly Challenge",
                "topicKeywordCode": "monthly-challenge",
                "topicId": 280,
                "weight": 2,
                "popular": null,
                "topicKeywordPageTitle": null,
                "topicKeywordPageDescription": null
            },
            {
                "id": 521,
                "topicKeywordName": "virtual runs",
                "topicKeywordCode": "virtual-runs",
                "topicId": 279,
                "weight": 1,
                "popular": null,
                "topicKeywordPageTitle": null,
                "topicKeywordPageDescription": null
            }
        ],
        "country": "India",
        "countryCode": null,
        "organizerName": "Omega Events",
        "recurrenceStartTime": null,
        "recurrenceEndTime": null,
        "recurrenceRule": null,
        "locality": null,
        "vendorId": null,
        "virtualEvent": false,
        "organizerCountryCode": "IN"
    },
    {
        "id": 99198,
        "eventId": 255364,
        "name": "Hercules Virtual Marathon - Get Big Size Medal",
        "shortName": "virtual-marathon4",
        "startTime": "2022-10-22T23:30:00+0000",
        "endTime": "2022-10-23T18:15:00+0000",
        "displayName": "Hercules Virtual Marathon - Get Big Size Medal",
        "shortDescription": null,
        "eventTimeZone": "Asia/Calcutta",
        "timeZoneDisplayName": null,
        "venueLocation": null,
        "city": "Chennai",
        "latitude": 13.0826802,
        "longitude": 80.2707184,
        "coverImageUrl": "//s3.ap-south-1.amazonaws.com/townscript-production/images/ST1620422188428STENDa6907bc3-6963-4508-9048-ef0e3ec09f23.jpg",
        "cardImageUrl": "//s3.ap-south-1.amazonaws.com/townscript-production/images/mobile-cover-uploaded/ST1620422188528STEND63ac352d-f83f-4086-9b7a-5f68a2110c0f.jpg",
        "publicEvent": true,
        "live": true,
        "categoryId": 95,
        "eventTypeId": 15,
        "minimumTicketPrice": 369,
        "minimumTicketPriceCurrency": "INR",
        "organizerIsTrusted": false,
        "soldOutFlag": false,
        "reportFlag": false,
        "imageMetadata": "{\"card\":{\"color\":\"f5f5f5\",\"brightness\":\"light\"},\"cover\":{\"color\":\"f5f5f5\",\"brightness\":\"light\"}}",
        "paid": true,
        "onlineEvent": false,
        "organizerId": 490690,
        "pageViews": 7,
        "organizerScore": 0,
        "ticketsSold": 23,
        "roTicketsSold": 0.14,
        "ticketsRemaining": 1977,
        "townscriptIR": 0,
        "score": 1.6,
        "recurrent": false,
        "keywords": [
            {
                "id": 145,
                "topicKeywordName": "marathons",
                "topicKeywordCode": "marathons",
                "topicId": 154,
                "weight": 2,
                "popular": null,
                "topicKeywordPageTitle": null,
                "topicKeywordPageDescription": null
            },
            {
                "id": 148,
                "topicKeywordName": "cycling",
                "topicKeywordCode": "cycling",
                "topicId": 158,
                "weight": 2,
                "popular": null,
                "topicKeywordPageTitle": null,
                "topicKeywordPageDescription": null
            },
            {
                "id": 215,
                "topicKeywordName": "running",
                "topicKeywordCode": "running",
                "topicId": 154,
                "weight": 1,
                "popular": null,
                "topicKeywordPageTitle": null,
                "topicKeywordPageDescription": null
            }
        ],
        "country": "India",
        "countryCode": null,
        "organizerName": "Omega Events",
        "recurrenceStartTime": null,
        "recurrenceEndTime": null,
        "recurrenceRule": null,
        "locality": null,
        "vendorId": null,
        "virtualEvent": false,
        "organizerCountryCode": "IN"
    },
    {
        "id": 100538,
        "eventId": 256857,
        "name": "Major Dhyan Chand Virtual Marathon",
        "shortName": "copy-of-major-dhyan-chand-10-km-441432",
        "startTime": "2022-10-22T23:30:00+0000",
        "endTime": "2022-10-23T18:15:00+0000",
        "displayName": "Major Dhyan Chand Virtual Marathon",
        "shortDescription": null,
        "eventTimeZone": "Asia/Calcutta",
        "timeZoneDisplayName": null,
        "venueLocation": null,
        "city": "Chennai",
        "latitude": 13.0826802,
        "longitude": 80.2707184,
        "coverImageUrl": "//s3.ap-south-1.amazonaws.com/townscript-production/images/d937d161-7797-4947-b3e0-9fe4d888e2ea.jpg",
        "cardImageUrl": "//s3.ap-south-1.amazonaws.com/townscript-production/images/mobile-cover-uploaded/941f7c2c-d036-44ee-a79b-aa5337e4babf.jpg",
        "publicEvent": true,
        "live": true,
        "categoryId": 95,
        "eventTypeId": 15,
        "minimumTicketPrice": 369,
        "minimumTicketPriceCurrency": "INR",
        "organizerIsTrusted": false,
        "soldOutFlag": false,
        "reportFlag": false,
        "imageMetadata": "{\"card\":{\"color\":\"e1e9d0\",\"brightness\":\"light\"},\"cover\":{\"color\":\"e2e9d1\",\"brightness\":\"light\"}}",
        "paid": true,
        "onlineEvent": false,
        "organizerId": 490690,
        "pageViews": 1,
        "organizerScore": 0,
        "ticketsSold": 12,
        "roTicketsSold": 0.14,
        "ticketsRemaining": 488,
        "townscriptIR": 0,
        "score": 1.6,
        "recurrent": false,
        "keywords": [
            {
                "id": 145,
                "topicKeywordName": "marathons",
                "topicKeywordCode": "marathons",
                "topicId": 154,
                "weight": 2,
                "popular": null,
                "topicKeywordPageTitle": null,
                "topicKeywordPageDescription": null
            },
            {
                "id": 215,
                "topicKeywordName": "running",
                "topicKeywordCode": "running",
                "topicId": 154,
                "weight": 1,
                "popular": null,
                "topicKeywordPageTitle": null,
                "topicKeywordPageDescription": null
            },
            {
                "id": 513,
                "topicKeywordName": "virtual sports",
                "topicKeywordCode": "virtual-sports",
                "topicId": 279,
                "weight": 3,
                "popular": null,
                "topicKeywordPageTitle": null,
                "topicKeywordPageDescription": null
            }
        ],
        "country": "India",
        "countryCode": null,
        "organizerName": "Omega Events",
        "recurrenceStartTime": null,
        "recurrenceEndTime": null,
        "recurrenceRule": null,
        "locality": null,
        "vendorId": null,
        "virtualEvent": false,
        "organizerCountryCode": "IN"
    },
    {
        "id": 96344,
        "eventId": 252316,
        "name": "India Virtual Marathon",
        "shortName": "india-virtual-marathon-144330",
        "startTime": "2022-10-01T23:30:00+0000",
        "endTime": "2022-10-30T18:15:00+0000",
        "displayName": "India Virtual Marathon",
        "shortDescription": null,
        "eventTimeZone": "Asia/Calcutta",
        "timeZoneDisplayName": null,
        "venueLocation": null,
        "city": "Chennai",
        "latitude": 13.0826802,
        "longitude": 80.2707184,
        "coverImageUrl": "//s3.ap-south-1.amazonaws.com/townscript-production/images/6f4f7418-4646-4890-be7b-f2fe7bf5d1df.jpg",
        "cardImageUrl": "//s3.ap-south-1.amazonaws.com/townscript-production/images/mobile-cover-uploaded/c26d94de-6c32-4049-a7ba-b0cb4481ea7d.jpg",
        "publicEvent": true,
        "live": true,
        "categoryId": 95,
        "eventTypeId": 15,
        "minimumTicketPrice": 369,
        "minimumTicketPriceCurrency": "INR",
        "organizerIsTrusted": false,
        "soldOutFlag": false,
        "reportFlag": false,
        "imageMetadata": "{\"card\":{\"color\":\"f0eee9\",\"brightness\":\"light\"},\"cover\":{\"color\":\"f0eee9\",\"brightness\":\"light\"}}",
        "paid": true,
        "onlineEvent": false,
        "organizerId": 490690,
        "pageViews": 4,
        "organizerScore": 0,
        "ticketsSold": 19,
        "roTicketsSold": 0.14,
        "ticketsRemaining": 1481,
        "townscriptIR": 0,
        "score": 1.43,
        "recurrent": false,
        "keywords": [
            {
                "id": 274,
                "topicKeywordName": "marathon",
                "topicKeywordCode": "marathon",
                "topicId": 154,
                "weight": 2,
                "popular": null,
                "topicKeywordPageTitle": null,
                "topicKeywordPageDescription": null
            },
            {
                "id": 521,
                "topicKeywordName": "virtual runs",
                "topicKeywordCode": "virtual-runs",
                "topicId": 279,
                "weight": 1,
                "popular": null,
                "topicKeywordPageTitle": null,
                "topicKeywordPageDescription": null
            },
            {
                "id": 514,
                "topicKeywordName": "Monthly Challenge",
                "topicKeywordCode": "monthly-challenge",
                "topicId": 280,
                "weight": 2,
                "popular": null,
                "topicKeywordPageTitle": null,
                "topicKeywordPageDescription": null
            }
        ],
        "country": "India",
        "countryCode": null,
        "organizerName": "Omega Events",
        "recurrenceStartTime": null,
        "recurrenceEndTime": null,
        "recurrenceRule": null,
        "locality": null,
        "vendorId": null,
        "virtualEvent": false,
        "organizerCountryCode": "IN"
    },
    {
        "id": 96746,
        "eventId": 252734,
        "name": "Unicorn Virtual Marathon - Get Trophy by Courier",
        "shortName": "unicorn-challenge-get-trophy-by-courier-321233",
        "startTime": "2022-10-01T23:30:00+0000",
        "endTime": "2022-10-30T17:30:00+0000",
        "displayName": "Unicorn Virtual Marathon - Get Trophy by Courier",
        "shortDescription": null,
        "eventTimeZone": "Asia/Calcutta",
        "timeZoneDisplayName": null,
        "venueLocation": null,
        "city": "Chennai",
        "latitude": 13.0826802,
        "longitude": 80.2707184,
        "coverImageUrl": "//s3.ap-south-1.amazonaws.com/townscript-production/images/ba9910b2-f1e4-4e11-8a15-d242ae571fd2.jpg",
        "cardImageUrl": "//s3.ap-south-1.amazonaws.com/townscript-production/images/mobile-cover-uploaded/87b11c11-e929-4918-9b79-af6ee4857f47.jpg",
        "publicEvent": true,
        "live": true,
        "categoryId": 95,
        "eventTypeId": 15,
        "minimumTicketPrice": 449,
        "minimumTicketPriceCurrency": "INR",
        "organizerIsTrusted": false,
        "soldOutFlag": false,
        "reportFlag": false,
        "imageMetadata": "{\"card\":{\"color\":\"373138\",\"brightness\":\"dark\"},\"cover\":{\"color\":\"373138\",\"brightness\":\"dark\"}}",
        "paid": true,
        "onlineEvent": false,
        "organizerId": 490690,
        "pageViews": 3,
        "organizerScore": 0,
        "ticketsSold": 25,
        "roTicketsSold": 0.14,
        "ticketsRemaining": 475,
        "townscriptIR": 0,
        "score": 1.43,
        "recurrent": false,
        "keywords": [
            {
                "id": 274,
                "topicKeywordName": "marathon",
                "topicKeywordCode": "marathon",
                "topicId": 154,
                "weight": 2,
                "popular": null,
                "topicKeywordPageTitle": null,
                "topicKeywordPageDescription": null
            },
            {
                "id": 514,
                "topicKeywordName": "Monthly Challenge",
                "topicKeywordCode": "monthly-challenge",
                "topicId": 280,
                "weight": 2,
                "popular": null,
                "topicKeywordPageTitle": null,
                "topicKeywordPageDescription": null
            },
            {
                "id": 521,
                "topicKeywordName": "virtual runs",
                "topicKeywordCode": "virtual-runs",
                "topicId": 279,
                "weight": 1,
                "popular": null,
                "topicKeywordPageTitle": null,
                "topicKeywordPageDescription": null
            }
        ],
        "country": "India",
        "countryCode": null,
        "organizerName": "Omega Events",
        "recurrenceStartTime": null,
        "recurrenceEndTime": null,
        "recurrenceRule": null,
        "locality": null,
        "vendorId": null,
        "virtualEvent": false,
        "organizerCountryCode": "IN"
    },
    {
        "id": 114947,
        "eventId": 272200,
        "name": "Vande Mataram Virtual Marathon",
        "shortName": "vande-mataram-virtual-marathon-421204",
        "startTime": "2022-10-23T00:30:00+0000",
        "endTime": "2022-10-23T18:15:00+0000",
        "displayName": "Vande Mataram Virtual Marathon",
        "shortDescription": null,
        "eventTimeZone": "Asia/Calcutta",
        "timeZoneDisplayName": null,
        "venueLocation": null,
        "city": "Chennai",
        "latitude": 13.0826802,
        "longitude": 80.2707184,
        "coverImageUrl": "//s3.ap-south-1.amazonaws.com/townscript-production/images/8691dbe4-c6f3-4011-98eb-fb5f23518d59.jpg",
        "cardImageUrl": "//s3.ap-south-1.amazonaws.com/townscript-production/images/mobile-cover-uploaded/c6faf0bb-2728-4731-88fb-c9930eb5ce38.jpg",
        "publicEvent": true,
        "live": true,
        "categoryId": 95,
        "eventTypeId": 15,
        "minimumTicketPrice": 369,
        "minimumTicketPriceCurrency": "INR",
        "organizerIsTrusted": false,
        "soldOutFlag": false,
        "reportFlag": false,
        "imageMetadata": "{\"card\":{\"color\":\"fefefe\",\"brightness\":\"light\"},\"cover\":{\"color\":\"fefefd\",\"brightness\":\"light\"}}",
        "paid": true,
        "onlineEvent": false,
        "organizerId": 490690,
        "pageViews": 1,
        "organizerScore": 0,
        "ticketsSold": 5,
        "roTicketsSold": 0.14,
        "ticketsRemaining": 1495,
        "townscriptIR": 0,
        "score": 1.42,
        "recurrent": false,
        "keywords": [
            {
                "id": 274,
                "topicKeywordName": "marathon",
                "topicKeywordCode": "marathon",
                "topicId": 154,
                "weight": 2,
                "popular": null,
                "topicKeywordPageTitle": null,
                "topicKeywordPageDescription": null
            }
        ],
        "country": "India",
        "countryCode": null,
        "organizerName": "Omega Events",
        "recurrenceStartTime": null,
        "recurrenceEndTime": null,
        "recurrenceRule": null,
        "locality": null,
        "vendorId": null,
        "virtualEvent": false,
        "organizerCountryCode": "IN"
    },
    {
        "id": 96288,
        "eventId": 252256,
        "name": "Waterthon Run - Get Medal By Courier",
        "shortName": "waterthon-run-get-medal-by-courier-141001",
        "startTime": "2022-10-22T23:30:00+0000",
        "endTime": "2022-10-23T18:15:00+0000",
        "displayName": "Waterthon Run - Get Medal By Courier",
        "shortDescription": null,
        "eventTimeZone": "Asia/Calcutta",
        "timeZoneDisplayName": null,
        "venueLocation": null,
        "city": "Chennai",
        "latitude": 13.0826802,
        "longitude": 80.2707184,
        "coverImageUrl": "//s3.ap-south-1.amazonaws.com/townscript-production/images/973fed18-af57-461c-8835-63c64ed57ebd.jpg",
        "cardImageUrl": "//s3.ap-south-1.amazonaws.com/townscript-production/images/mobile-cover-uploaded/db168451-af5e-46be-a275-8126d6bc5b8d.jpg",
        "publicEvent": true,
        "live": true,
        "categoryId": 95,
        "eventTypeId": 15,
        "minimumTicketPrice": 369,
        "minimumTicketPriceCurrency": "INR",
        "organizerIsTrusted": false,
        "soldOutFlag": false,
        "reportFlag": false,
        "imageMetadata": "{\"card\":{\"color\":\"1248b0\",\"brightness\":\"dark\"},\"cover\":{\"color\":\"1248b0\",\"brightness\":\"dark\"}}",
        "paid": true,
        "onlineEvent": false,
        "organizerId": 490690,
        "pageViews": 4,
        "organizerScore": 0,
        "ticketsSold": 6,
        "roTicketsSold": 0.14,
        "ticketsRemaining": 994,
        "townscriptIR": 0,
        "score": 1.42,
        "recurrent": false,
        "keywords": [
            {
                "id": 145,
                "topicKeywordName": "marathons",
                "topicKeywordCode": "marathons",
                "topicId": 154,
                "weight": 2,
                "popular": null,
                "topicKeywordPageTitle": null,
                "topicKeywordPageDescription": null
            },
            {
                "id": 514,
                "topicKeywordName": "Monthly Challenge",
                "topicKeywordCode": "monthly-challenge",
                "topicId": 280,
                "weight": 2,
                "popular": null,
                "topicKeywordPageTitle": null,
                "topicKeywordPageDescription": null
            },
            {
                "id": 521,
                "topicKeywordName": "virtual runs",
                "topicKeywordCode": "virtual-runs",
                "topicId": 279,
                "weight": 1,
                "popular": null,
                "topicKeywordPageTitle": null,
                "topicKeywordPageDescription": null
            }
        ],
        "country": "India",
        "countryCode": null,
        "organizerName": "Omega Events",
        "recurrenceStartTime": null,
        "recurrenceEndTime": null,
        "recurrenceRule": null,
        "locality": null,
        "vendorId": null,
        "virtualEvent": false,
        "organizerCountryCode": "IN"
    },
    {
        "id": 105144,
        "eventId": 261694,
        "name": "Avengers Virtual Marathon - Get Medal by Courier",
        "shortName": "avengers-virtual-marathon-get-medal-by-courier-141421",
        "startTime": "2022-10-22T23:30:00+0000",
        "endTime": "2022-10-23T18:15:00+0000",
        "displayName": "Avengers Virtual Marathon - Get Medal by Courier",
        "shortDescription": null,
        "eventTimeZone": "Asia/Calcutta",
        "timeZoneDisplayName": null,
        "venueLocation": null,
        "city": "Chennai",
        "latitude": 13.0826802,
        "longitude": 80.2707184,
        "coverImageUrl": "//s3.ap-south-1.amazonaws.com/townscript-production/images/a1bffc3b-a18f-46d5-9f94-78875640eab9.jpg",
        "cardImageUrl": "//s3.ap-south-1.amazonaws.com/townscript-production/images/mobile-cover-uploaded/c01069f2-99fb-485b-aaca-a7c654556c98.jpg",
        "publicEvent": true,
        "live": true,
        "categoryId": 95,
        "eventTypeId": 15,
        "minimumTicketPrice": 349,
        "minimumTicketPriceCurrency": "INR",
        "organizerIsTrusted": false,
        "soldOutFlag": false,
        "reportFlag": false,
        "imageMetadata": "{\"card\":{\"color\":\"fefefeff\",\"brightness\":\"light\"},\"cover\":{\"color\":\"fefefeff\",\"brightness\":\"light\"}}",
        "paid": true,
        "onlineEvent": false,
        "organizerId": 490690,
        "pageViews": 1,
        "organizerScore": 0,
        "ticketsSold": 5,
        "roTicketsSold": 0.14,
        "ticketsRemaining": 495,
        "townscriptIR": 0,
        "score": 1.42,
        "recurrent": false,
        "keywords": [
            {
                "id": 274,
                "topicKeywordName": "marathon",
                "topicKeywordCode": "marathon",
                "topicId": 154,
                "weight": 2,
                "popular": null,
                "topicKeywordPageTitle": null,
                "topicKeywordPageDescription": null
            },
            {
                "id": 514,
                "topicKeywordName": "Monthly Challenge",
                "topicKeywordCode": "monthly-challenge",
                "topicId": 280,
                "weight": 2,
                "popular": null,
                "topicKeywordPageTitle": null,
                "topicKeywordPageDescription": null
            },
            {
                "id": 521,
                "topicKeywordName": "virtual runs",
                "topicKeywordCode": "virtual-runs",
                "topicId": 279,
                "weight": 1,
                "popular": null,
                "topicKeywordPageTitle": null,
                "topicKeywordPageDescription": null
            }
        ],
        "country": "India",
        "countryCode": null,
        "organizerName": "Omega Events",
        "recurrenceStartTime": null,
        "recurrenceEndTime": null,
        "recurrenceRule": null,
        "locality": null,
        "vendorId": null,
        "virtualEvent": false,
        "organizerCountryCode": "IN"
    }
]